{
  "120363383983744945@g.us": {
    "active": false,
    "warnings": {
      "6283159227378@s.whatsapp.net": 1
    },
    "antitagsw": true
  },
  "120363335406266355@g.us": {
    "active": false,
    "warnings": {
      "6283861787276@s.whatsapp.net": 1
    },
    "antitagsw": true
  },
  "120363423106446401@g.us": {
    "active": false,
    "warnings": {
      "6283871216703@s.whatsapp.net": 1,
      "6287712426130@s.whatsapp.net": 1
    },
    "antitagsw": true
  },
  "120363317747538414@g.us": {
    "active": false,
    "warnings": {
      "6287882231995@s.whatsapp.net": 1,
      "6282189065380@s.whatsapp.net": 1,
      "6283862557314@s.whatsapp.net": 1,
      "6285756964865@s.whatsapp.net": 2,
      "6285787054469@s.whatsapp.net": 2,
      "6289516195739@s.whatsapp.net": 2,
      "6283873057329@s.whatsapp.net": 1,
      "628884640480@s.whatsapp.net": 1,
      "6281244579712@s.whatsapp.net": 2,
      "6285182380423@s.whatsapp.net": 1,
      "6285960429646@s.whatsapp.net": 1,
      "6287839162543@s.whatsapp.net": 1,
      "62895351524077@s.whatsapp.net": 1,
      "6287850981743@s.whatsapp.net": 1,
      "6285242840842@s.whatsapp.net": 1,
      "62882022525003@s.whatsapp.net": 1,
      "6285133758234@s.whatsapp.net": 1,
      "6285723874847@s.whatsapp.net": 1,
      "6282396558302@s.whatsapp.net": 1,
      "62882020424116@s.whatsapp.net": 1,
      "6289654110428@s.whatsapp.net": 1,
      "6288246978621@s.whatsapp.net": 1,
      "6285796395513@s.whatsapp.net": 1,
      "6281235357328@s.whatsapp.net": 1,
      "6282151272190@s.whatsapp.net": 1,
      "6283845650969@s.whatsapp.net": 1,
      "6283839251216@s.whatsapp.net": 1,
      "6287856380592@s.whatsapp.net": 1
    },
    "antitagsw": true
  }
}